symbol,address,market_cap,price_usd,decimals
BTC,,393343931451.0,20444.0,
ETH,,189623178188.0,1569.56,
USDT,,69435191355.0,1.001,
BNB,,53287523140.0,325.05,
USDC,,43473914105.0,0.999037,
XRP,,23135633315.0,0.460294,
BUSD,,21169310775.0,0.999038,
DOGE,,17198693297.0,0.125055,
ADA,,14207867923.0,0.403971,
SOL,,11715746917.0,32.58,
MATIC,,8005126112.0,0.90008,
DOT,,7734532247.0,6.6,
SHIB,,7321999004.0,1.236e-05,
STETH,,7293104859.0,1568.98,
TRX,,5836222932.0,0.063048,
AVAX,,5775055358.0,19.24,
DAI,,5687714185.0,1.001,
UNI,,5275526084.0,6.96,
WBTC,,5027387789.0,20435.0,
OKB,,4328837257.0,17.11,
LEO,,4244949425.0,4.54,
ATOM,,4214239080.0,14.34,
LTC,,3949091082.0,55.04,
LINK,,3869189276.0,7.83,
FTT,,3485134683.0,25.99,
ETC,,3341148361.0,24.17,
CRO,,2893784614.0,0.114217,
XLM,,2864715288.0,0.111438,
XMR,,2728284063.0,149.75,
NEAR,,2548346483.0,3.1,
ALGO,,2530237787.0,0.356037,
QNT,,2432277745.0,166.25,
BCH,,2217476555.0,115.01,
VET,,1742952240.0,0.02393933,
FLOW,,1737380204.0,1.66,
FIL,,1687915446.0,5.42,
LUNC,,1667005977.0,0.00024155,
TKX,,1503852045.0,18.74,
APE,,1490589556.0,4.74,
HBAR,,1469255725.0,0.059623,
ICP,,1422947766.0,5.26,
EGLD,,1391122903.0,58.36,
WBT,,1381817032.0,12.37,
XCN,,1367486263.0,0.063722,
SAND,,1344791241.0,0.877053,
XTZ,,1300063418.0,1.43,
MANA,,1227783938.0,0.672793,
FRAX,,1218774942.0,0.998533,
AAVE,,1190142099.0,83.72,
CHZ,,1183276918.0,0.219905,
THETA,,1177331795.0,1.17,
EOS,,1166011139.0,1.15,
HT,,1144512941.0,8.72,
LDO,,1099930520.0,1.52,
APT,,1030963857.0,7.89,
KCS,,984818799.0,10.08,
AXS,,956539921.0,9.13,
BSV,,919250828.0,47.65,
USDP,,897762606.0,0.996927,
TUSD,,828063450.0,0.998478,
MKR,,811871452.0,897.74,
KLAY,,793970209.0,0.256039,
CUSDC,,786936896.0,0.0226815,
BTT,,772789808.0,8.16292e-07,
OSMO,,752298530.0,1.59,
XEC,,727844742.0,3.777e-05,
USDD,,721724694.0,0.993056,
MIOTA,,719305753.0,0.257706,
ETHW,,708999422.0,6.61,
EVMOS,,705924516.0,2.09,
ZEC,,682546767.0,52.56,
CAKE,,681998156.0,4.72,
GT,,676391440.0,4.64,
GRT,,628301099.0,0.084459,
FTM,,613259143.0,0.239815,
SNX,,606325041.0,2.51,
NEO,,601749688.0,8.49,
CETH,,589437647.0,31.58,
XRD,,564619706.0,0.05629,
NEXO,,562193808.0,1.001,
BTSE,,561984720.0,3.46,
GUSD,,541712658.0,1.0,
CDAI,,530836166.0,0.02210698,
HNT,,528138915.0,4.01,
AR,,522231814.0,10.35,
TWT,,516623714.0,1.24,
CRV,,500838846.0,0.884035,
MINA,,498367563.0,0.684324,
PAXG,,490320952.0,1625.67,
RUNE,,475807302.0,1.58,
ZIL,,465316292.0,0.0308651,
BIT,,464077371.0,0.431524,
DASH,,463884678.0,42.08,
FXS,,460622936.0,6.8,
ENJ,,455885323.0,0.453308,
KAVA,,450453430.0,1.46,
BAT,,444016695.0,0.296086,
ENS,,438467246.0,16.93,
CSPR,,430653477.0,0.04098681,
XDC,,430049139.0,0.03116622,
STX,,426890340.0,0.3171,
CEL,,414492697.0,0.975999,
XAUT,,413093896.0,1673.43,
RPL,,398910086.0,21.1,
CUSDT,,398706696.0,0.02209831,
DFI,,397069944.0,0.649459,
DCR,,394228154.0,27.19,
OMI,,392316708.0,0.00145429,
LUNA,,385682274.0,2.44,
1INCH,,380696280.0,0.610839,
RVN,,374308864.0,0.03145522,
AMP,,373883143.0,0.00484084,
CVX,,370849274.0,5.27,
USTC,,369472487.0,0.0376089,
HOT,,362220243.0,0.00203176,
MEX,,356369013.0,5.603e-05,
CELO,,354840414.0,0.743121,
XEM,,350682103.0,0.03885981,
GMX,,350209908.0,42.74,
NXM,,350176853.0,51.67,
COMP,,346594743.0,50.29,
LRC,,343153098.0,0.274064,
WAVES,,341822409.0,3.4,
IMX,,338346322.0,0.5906,
TFUEL,,332375530.0,0.055983,
GMT,,330818140.0,0.551491,
GALA,,327866291.0,0.04286305,
GNO,,327824327.0,126.71,
BTG,,317082475.0,18.17,
KSM,,314811612.0,34.85,
SUSHI,,308235310.0,1.59,
ROSE,,306367331.0,0.060524,
OKT,,303325516.0,16.96,
QTUM,,299948294.0,2.86,
OHM,,291616179.0,10.1,
SRM,,287301974.0,0.767314,
SAFEMOON,,277800683.0,6.634e-09,
KDA,,275520876.0,1.38,
GLM,,272533829.0,0.271921,
IOTX,,269501944.0,0.02855974,
IOST,,268457073.0,0.0113492,
HBTC,,265990102.0,20392.0,
RSR,,263469587.0,0.00619082,
JST,,257749928.0,0.02881877,
YFI,,255607311.0,8108.67,
BAL,,255141146.0,6.83,
BONE,,253526287.0,1.1,
LPT,,247035308.0,9.38,
MSOL,,243256215.0,34.88,
RETH,,240739699.0,1622.18,
ANKR,,240497851.0,0.02937551,
CVXCRV,,240326954.0,0.840622,
ONE,,236707107.0,0.01912853,
OMG,,233435176.0,1.65,
POLY,,232547931.0,0.257909,
ELON,,229022757.0,4.14265e-07,
ELG,,228752259.0,3.18,
OP,,223365779.0,1.031,
LN,,220140667.0,34.88,
ZRX,,216836921.0,0.254773,
DYDX,,215809480.0,1.63,
BABYDOGE,,212572214.0,1.329e-09,
MC,,211168855.0,0.716309,
10SET,,210718975.0,1.14,
WOO,,209400448.0,0.174996,
CHSB,,208928727.0,0.218972,
FLUX,,208773986.0,0.741935,
ICX,,208525687.0,0.232627,
BRISE,,207235965.0,5.29311e-07,
GLMR,,205517708.0,0.476487,
EURT,,201993823.0,0.978269,
RBN,,200226744.0,0.357991,
MIM,,199427101.0,0.995418,
ONT,,196089556.0,0.223007,
JUNO,,194379739.0,3.09,
LUSD,,188694166.0,1.036,
VVS,,188478217.0,6.39e-06,
SYN,,187978573.0,0.995321,
INJ,,186541794.0,2.39,
WAXP,,186383073.0,0.082489,
AUDIO,,186176488.0,0.200462,
NU,,186005213.0,0.149092,
RNDR,,183315781.0,0.605236,
DAG,,181604333.0,0.069193,
SFM,,179662509.0,0.00031965,
AZERO,,179428112.0,0.91187,
XCM,,179322611.0,0.593199,
XCH,,177816966.0,32.12,
HIVE,,177761156.0,0.480926,
ZEN,,175981663.0,13.47,
ALUSD,,175172647.0,0.997971,
EWT,,175086372.0,4.03,
NFT,,172419304.0,6.20889e-07,
SC,,170825168.0,0.00330477,
SCRT,,168243548.0,0.910197,
SXP,,165861603.0,0.329582,
DAO,,162299517.0,1.3,
DESO,,159886832.0,15.16,
UMA,,154769216.0,2.23,
CET,,154122891.0,0.04715578,
SKL,,151532713.0,0.03762267,
KNC,,150043838.0,0.905563,
SGB,,148562173.0,0.01712304,
ASTR,,145177493.0,0.03939361,
PLA,,143780819.0,0.294172,
DGB,,142772241.0,0.00902833,
MXC,,142301550.0,0.058339,
LSK,,141216888.0,0.974306,
STSOL,,135406908.0,34.66,
SLP,,133614712.0,0.00334142,
REN,,130475085.0,0.129498,
PUNDIX,,129926267.0,0.50441,
GFARM2,,129805386.0,3612.65,
METIS,,125985899.0,28.88,
LYXE,,125441480.0,8.18,
LOOKS,,124633603.0,0.22802,
FX,,123698187.0,0.225895,
EURS,,121481998.0,0.976804,
KIRO,,119964465.0,0.02484119,
API3,,118476968.0,1.75,
ERG,,116821891.0,1.89,
COTI,,114383619.0,0.102767,
CEEK,,113795791.0,0.139967,
CKB,,113495450.0,0.00339471,
SNT,,112192648.0,0.02832689,
VGX,,111812013.0,0.380367,
USDN,,110667294.0,0.980039,
XSUSHI,,110150464.0,2.16,
DEXE,,110147119.0,3.01,
TRIBE,,109892622.0,0.240907,
PYR,,109744239.0,4.57,
MDX,,109144889.0,0.117412,
VERI,,108833305.0,49.76,
PLTC,,108529169.0,0.952305,
REEF,,108437666.0,0.00529558,
CTC,,107528476.0,0.516209,
MASK,,107162753.0,2.25,
TEL,,107125764.0,0.00161777,
GNS,,106291176.0,3.65,
MX,,105758076.0,1.057,
KUB,,105655533.0,1.19,
MBOX,,102950575.0,0.638761,
SETH2,,102568174.0,1548.9,
BOBA,,102468025.0,0.297791,
WIN,,101677297.0,0.0001055,
PROM,,101137876.0,5.53,
PEOPLE,,100876123.0,0.0197755,
XNO,,100572158.0,0.753566,
ILV,,100343437.0,66.22,
USDX,,100007993.0,0.891307,
CVC,,99063385.0,0.122986,
FLOKI,,98876323.0,1.062e-05,
SYS,,98845523.0,0.14796,
MED,,98776393.0,0.01827377,
POKT,,98303132.0,0.072826,
EVER,,97619917.0,0.057572,
ALICE,,97346129.0,1.71,
WRX,,96767806.0,0.211256,
ARDR,,96666508.0,0.095989,
ORBS,,96153954.0,0.03263301,
SAVAX,,96001278.0,20.22,
MVL,,94882830.0,0.00428424,
MPL,,94781046.0,14.23,
KUJI,,94563717.0,1.015,
STEEM,,94245088.0,0.236137,
VLX,,92329077.0,0.0389004,
TRYB,,92222620.0,0.053199,
CTSI,,91174570.0,0.14037,
SPELL,,90742771.0,0.00086774,
EXRD,,90691676.0,0.056376,
NMR,,90681998.0,14.85,
C98,,90541276.0,0.321051,
MAGIC,,90530739.0,0.417104,
UQC,,90469269.0,9.03,
BNT,,90142410.0,0.472416,
RACA,,89700075.0,0.00027133,
RAD,,89531282.0,2.03,
BICO,,88841777.0,0.400945,
BSW,,88113630.0,0.261581,
RENBTC,,87604954.0,20421.0,
CELR,,87005894.0,0.01533752,
POWR,,86908464.0,0.201948,
CHR,,86051239.0,0.15228,
AETHC,,85674211.0,1537.67,
XPRT,,85490038.0,0.651046,
REQ,,85374742.0,0.110015,
ACA,,84506107.0,0.159154,
DENT,,84395450.0,0.00087862,
CANTO,,83907303.0,0.258755,
EUL,,83752250.0,7.11,
BTC.B,,83087195.0,20474.0,
UOS,,82973393.0,0.305698,
TRAC,,82737350.0,0.222937,
MULTI,,82385511.0,4.47,
ARRR,,81658666.0,0.420354,
STRAX,,81019007.0,0.615897,
WCFG,,80914281.0,0.23209,
SX,,80312289.0,0.250893,
CFG,,80220055.0,0.231051,
CFX,,80004776.0,0.03806144,
FUN,,79968033.0,0.00752326,
DKA,,79713703.0,0.03742793,
CEUR,,79454583.0,2.5,
HXRO,,79013273.0,0.174593,
GAL,,78867857.0,2.14,
ASD,,78456142.0,0.105215,
SURE,,77893524.0,0.00293636,
NRV,,77747624.0,0.00553464,
EUROC,,77402097.0,0.991802,
RLC,,77012396.0,1.06,
JOE,,76802546.0,0.223896,
QKC,,76774022.0,0.0113946,
MLK,,76408136.0,0.308202,
EMAID,,76302113.0,0.155539,
XYO,,75591782.0,0.00597455,
OCEAN,,75534316.0,0.173506,
RAY,,75513078.0,0.523112,
FIDU,,75131094.0,1.045,
ANT,,74515639.0,1.85,
STPT,,74069072.0,0.0422517,
OGN,,73995836.0,0.146279,
PLT,,73817192.0,6.33,
BDX,,73736979.0,0.04910259,
CDT,,73246223.0,0.108574,
XVS,,73019702.0,5.09,
VTHO,,72788836.0,0.00132367,
TON,,72639230.0,1.62,
CTK,,72285151.0,0.826499,
TEMPLE,,72204051.0,0.964574,
MTD,,72066568.0,0.470919,
SSV,,71398055.0,10.21,
PHA,,70629443.0,0.155654,
DOCK,,70448413.0,0.01949256,
NEST,,70216785.0,0.01780801,
KEEP,,69757035.0,0.126847,
SUSD,,69607767.0,1.033,
STG,,69509230.0,0.50184,
SHR,,69453171.0,0.00202476,
KILT,,69244192.0,0.642048,
AURORA,,68630082.0,0.767995,
BFC,,68574474.0,0.063233,
PCX,,68530128.0,0.551811,
DC,,68191182.0,0.00218131,
STARS,,68003693.0,0.054767,
H2O,,67883187.0,0.302387,
QUACK,,67840428.0,1.538e-09,
TLM,,66489608.0,0.02167517,
REV,,66488081.0,0.00078486,
DPX,,66414903.0,319.91,
PLEX,,65283686.0,0.219814,
MTL,,65139776.0,1.004,
SFUND,,65025381.0,1.55,
ECOIN,,64620878.0,0.00014019,
ARK,,64506874.0,0.381405,
MNW,,63798458.0,1.69,
CCD,,63787600.0,0.01163129,
BTCST,,63576871.0,8.7,
STMX,,63292054.0,0.00681309,
UTK,,63261319.0,0.134333,
STORJ,,63037490.0,0.439601,
HUSD,,61973382.0,0.327945,
MOVR,,61762607.0,10.89,
GOG,,61639975.0,0.21245,
LQTY,,61094114.0,0.738318,
MTRG,,60716195.0,3.64,
XSGD,,60702082.0,0.707674,
ION,,60487629.0,2799.65,
ELF,,60284011.0,0.130466,
SUN,,59905853.0,0.00673004,
FEI,,59315039.0,0.981004,
NKN,,59229857.0,0.090536,
ACH,,59142445.0,0.0118341,
WOZX,,58945629.0,0.095458,
EFI,,58811531.0,0.113132,
FET,,58574333.0,0.084894,
DERO,,58206197.0,4.6,
AERGO,,58186906.0,0.141111,
CORE,,56828733.0,5642.54,
ADS,,56614467.0,1.71,
ITAMCUBE,,56541993.0,0.080492,
TSUKA,,56440651.0,0.056254,
SWEAT,,56374947.0,0.01775624,
AGIX,,56085996.0,0.050142,
BADGER,,56056913.0,3.42,
OXT,,55669071.0,0.093968,
DODO,,55634775.0,0.132847,
ETN,,55591379.0,0.00307692,
RIDE,,55540942.0,0.141066,
DUSK,,55024452.0,0.132776,
IQ,,54189239.0,0.00445167,
BOR,,54184978.0,50.09,
REP,,53649921.0,6.99,
YGG,,53554198.0,0.287568,
BETA,,53365864.0,0.086317,
XMON,,53162070.0,20942.0,
ALPHA,,53119224.0,0.118281,
STRK,,53048604.0,15.71,
ZZ,,52775087.0,3.82,
SAITAMA,,52756885.0,0.00117845,
DAWN,,52663695.0,0.705599,
HEZ,,52577181.0,3.14,
DIVI,,52560432.0,0.01663563,
UFO,,52558065.0,2.04e-06,
FLEXUSD,,52217851.0,0.265365,
XVG,,52009331.0,0.0031477,
EGC,,51879491.0,1.10726e-07,
REGEN,,51760697.0,0.363996,
YFII,,51528532.0,1291.66,
WNXM,,51495856.0,17.41,
META,,51203040.0,0.0302787,
XIDO,,51067182.0,1.8,
SANTOS,,50873260.0,11.83,
MIMATIC,,50719112.0,0.991787,
SOFI,,50682660.0,0.133278,
RLY,,50514172.0,0.01434573,
PHB,,50271405.0,0.915194,
KODA,,50208210.0,4.725e-05,
BAKE,,50055358.0,0.258812,
KISHU,,50049068.0,5.15853e-10,
AKT,,49770289.0,0.256582,
RIF,,49660736.0,0.054102,
GBEX,,49617654.0,1.30592e-07,
CWEB,,49604549.0,0.02796244,
BAND,,49520205.0,1.19,
CUSD,,49471870.0,0.996253,
NXS,,48923600.0,0.068861,
GHST,,48622058.0,1.12,
IETH,,48556632.0,1639.66,
BOND,,48329648.0,4.87,
TT,,47663364.0,0.00475966,
MFT,,47616756.0,0.0050266,
DOLA,,47561505.0,0.998771,
FLM,,47509184.0,0.118196,
FITFI,,47266510.0,0.053012,
WMT,,47076891.0,0.171796,
BITCI,,46805652.0,0.00602997,
AUCTION,,46222738.0,6.03,
CQT,,45898126.0,0.109501,
GODS,,45881421.0,0.323069,
FER,,45336492.0,0.057698,
ATA,,45128517.0,0.156059,
OUSD,,44864078.0,0.996864,
POLS,,44784618.0,0.450143,
TALK,,44698685.0,0.232879,
ALPACA,,44580288.0,0.290424,
MINTME,,44394117.0,0.082492,
CBAT,,44244183.0,0.00613891,
TLOS,,44120213.0,0.153737,
BLID,,44019146.0,0.02433491,
SFP,,43970170.0,0.405255,
IBEUR,,43871060.0,0.913414,
AXN,,43431003.0,6.62e-06,
AMPL,,43231432.0,1.12,
POND,,43231228.0,0.01101377,
DOME,,43126925.0,0.0022435,
VEGA,,43099904.0,1.31,
AMA,,42806771.0,1.43,
VRA,,42588494.0,0.00409233,
SAITO,,42580587.0,0.01951647,
KP3R,,42564210.0,97.31,
USDK,,42483880.0,0.999894,
TRU,,42184653.0,0.04847138,
ZIG,,42062845.0,0.00841217,
QRDO,,42049280.0,0.215089,
RON,,41758837.0,0.280714,
COCOS,,41554297.0,0.586115,
AGEUR,,41405966.0,0.98978,
XCAD,,41008423.0,1.71,
LOOMOLD,,40884212.0,0.04876325,
NEBL,,40876031.0,2.08,
PRO,,40809596.0,0.708902,
VOLT,,40589065.0,6.08008e-07,
ASTRAFER,,40543991.0,2.87,
ERN,,40312737.0,2.51,
LEASH,,40232950.0,373.49,
TIME,,40118000.0,56.37,
ALCX,,40050553.0,25.32,
B2M,,40043006.0,0.01116691,
IDEX,,39945832.0,0.05831,
DEI,,39859750.0,0.995814,
AVA,,39716271.0,0.754011,
STARL,,39607884.0,3.92e-06,
AURABAL,,39567548.0,15.46,
KRD,,39493863.0,0.385453,
AURA,,39225735.0,2.61,
HUNT,,39113599.0,0.358967,
TOMO,,39094738.0,0.434686,
KLV,,39094192.0,0.00436884,
LCX,,38438541.0,0.04963826,
POOP,,38273965.0,0.073376,
ORN,,38140016.0,1.11,
SUPER,,37978817.0,0.131735,
PERP,,37954359.0,0.537943,
FOLD,,37862840.0,26.71,
UNFI,,37538256.0,5.95,
LTO,,37517379.0,0.091328,
CLV,,37364729.0,0.084073,
TRB,,37334509.0,15.79,
AVINOC,,37192788.0,0.22205,
EPS,,37150886.0,0.053112,
OPT2,,37134422.0,1.5,
LIT,,37114790.0,0.928961,
HC,,36981427.0,0.100009,
HYDRA,,36980906.0,2.59,
GAS,,36928568.0,2.57,
FORTH,,36454683.0,4.2,
SPHERE,,36026326.0,0.00447795,
RDPX,,35977791.0,30.18,
HERO,,35917051.0,0.00454817,
LUNR,,35908873.0,0.422226,
ZCX,,35746785.0,0.139036,
KOGE,,35638434.0,10.48,
ITHEUM,,35369517.0,0.101029,
ULT,,35201094.0,0.07991,
VITE,,35169494.0,0.03337117,
WAN,,35169328.0,0.17938,
TAMA,,35082820.0,0.03279531,
AE,,35068984.0,0.085965,
MLN,,35006614.0,24.03,
ALPINE,,34999735.0,3.07,
BEL,,34716584.0,0.580723,
SB,,34661152.0,216.45,
KMD,,34576364.0,0.256563,
DIA,,34555616.0,0.391105,
ARPA,,34494697.0,0.03497544,
GRS,,34469189.0,0.423439,
GXC,,34432101.0,0.458113,
CUNI,,34357670.0,0.141779,
HAY,,34077789.0,1.002,
ROOT,,33886808.0,1174.63,
LINA,,33743769.0,0.00803523,
LOKA,,33727000.0,0.456541,
CRE,,33662643.0,0.00381692,
BEZOGE,,33513754.0,7.71673e-10,
XKI,,33512215.0,0.080862,
CCS,,33497118.0,3.09,
FINE,,33475832.0,0.01814742,
XPR,,33296704.0,0.00240114,
AMA,,33253613.0,1.11,
DPI,,33183222.0,87.85,
UBT,,33064300.0,0.220086,
AIOZ,,33004650.0,0.04932944,
KUNCI,,32936349.0,0.02665085,
BEAN,,32907144.0,0.999697,
RARI,,32675602.0,2.85,
BTRFLY,,32667106.0,222.81,
MINE,,32446939.0,0.00033514,
BOX,,31921670.0,0.00599769,
U,,31859768.0,0.00018508,
LYRA,,31507097.0,0.151431,
TOKE,,31361951.0,1.81,
MOC,,31344309.0,0.081948,
LAZIO,,31141681.0,4.76,
SAMO,,31068507.0,0.00876548,
SBD,,31039062.0,2.6,
IXT,,30891561.0,0.450907,
SHDW,,30629360.0,0.26094,
BFT,,30524217.0,1.023,
LEND,,30397387.0,0.838883,
FEG,,30324549.0,7.31354e-10,
ICHI,,30225596.0,6.0,
BOSON,,30156561.0,0.298996,
KAS,,30155797.0,0.00215561,
BCD,,30126671.0,0.16001,
BZZ,,30118979.0,0.475501,
REI,,30087801.0,0.03137219,
BIFI,,30075850.0,375.59,
ZPAY,,29818065.0,0.091265,
MIR,,29799105.0,0.190338,
FORT,,29505121.0,0.167207,
YUSD,,29391791.0,0.995149,
AOG,,29318809.0,0.450895,
AQT,,29307393.0,1.097,
ANC,,29253693.0,0.083337,
QUICK,,29209985.0,63.25,
KAI,,29136629.0,0.00730161,
RFR,,28975970.0,0.00593781,
COL,,28786140.0,0.600913,
SPS,,28671265.0,0.058444,
CXO,,28643091.0,0.170861,
INSTAR,,28520817.0,0.070319,
BTS,,28497756.0,0.01048896,
FCT,,28250369.0,0.051773,
RSV,,27978759.0,0.996594,
HARD,,27915767.0,0.206673,
TCR,,27877026.0,0.04554207,
FEG,,27837843.0,6.86884e-10,
ELA,,27835068.0,1.3,
ROUTE,,27806731.0,3.06,
BLZ,,27645098.0,0.079689,
ONIT,,27142106.0,0.03542477,
CULT,,27130591.0,6.26e-06,
ALBT,,27040636.0,0.058096,
PSG,,27003696.0,7.03,
QI,,26884332.0,0.00886326,
YOSHI,,26874476.0,0.214952,
KEY,,26843964.0,0.00446644,
FIO,,26797923.0,0.04297269,
FIRO,,26371545.0,2.26,
CRE,,26288552.0,0.179503,
AGLD,,26153056.0,0.337296,
GTC,,26091494.0,1.83,
INARI,,25984370.0,0.00012305,
RMRK,,25942170.0,2.73,
BCT,,25895515.0,1.36,
BZRX,,25744466.0,0.04785049,
FARM,,25737318.0,38.55,
BMX,,25703204.0,0.145741,
CITY,,25602260.0,5.92,
CERE,,25541902.0,0.0056894,
UMEE,,25528812.0,0.01095189,
IRIS,,25370328.0,0.01786457,
CHO,,25344207.0,0.934092,
SAI,,25304978.0,8.27,
DEP,,25046784.0,0.00519765,
CLO,,25012640.0,0.00769017,
DATA,,24988148.0,0.03252217,
DG,,24969363.0,0.04225084,
SERO,,24965307.0,0.066805,
HOO,,24621001.0,0.298688,
JASMY,,24606454.0,0.00515572,
FIDA,,24377117.0,0.40309,
JEWEL,,24269090.0,0.214732,
ROOK,,24128888.0,29.58,
SOUL,,23901558.0,0.221768,
ADX,,23892107.0,0.167334,
WING,,23821931.0,8.13,
RAMP,,23762509.0,0.05782,
PLU,,23755279.0,9.42,
GYEN,,23665050.0,0.00672125,
PRE,,23603544.0,0.059388,
MCB,,23415466.0,4.86,
KNCL,,23303760.0,0.909884,
HTR,,23185116.0,0.096802,
DFG,,22992903.0,2.3,
CUBE,,22857975.0,1.51,
DXD,,22792793.0,467.27,
KIN,,22768023.0,1.146e-05,
ARG,,22669808.0,6.06,
PINKSALE,,22627276.0,225.76,
LEVER,,22592609.0,0.00166634,
OM,,22575770.0,0.04278284,
AST,,22475199.0,0.130127,
SETH,,22451050.0,1413.02,
RAIL,,22442054.0,0.390996,
CPOOL,,22409158.0,0.075553,
LAT,,22359037.0,0.00756264,
MAP,,22352048.0,0.01000734,
WILD,,22279413.0,0.246029,
CATE,,22272660.0,6.47172e-07,
NULS,,22228207.0,0.222318,
RARE,,22083473.0,0.151944,
CTXC,,22009839.0,0.107973,
PIVX,,21979240.0,0.313743,
XDATA,,21958735.0,0.03142656,
SLND,,21859264.0,0.79677,
COT,,21807614.0,0.057009,
BTR,,21754806.0,0.053949,
FRA,,21562873.0,0.00316879,
PSTAKE,,21480703.0,0.114167,
BEAM,,21457146.0,0.169675,
CHESS,,21388553.0,0.258145,
BLD,,21374942.0,0.389839,
DNT,,21072066.0,0.0280309,
MV,,21054497.0,0.175379,
VRSC,,21015515.0,0.303013,
NOIA,,20942505.0,0.04359561,
BAR,,20852320.0,4.51,
FIS,,20838710.0,0.369281,
BWO,,20814210.0,0.354563,
TPT,,20698206.0,0.00595503,
TONE,,20664911.0,0.0346735,
FRONT,,20657908.0,0.235662,
MYC,,20624757.0,0.04373009,
ATOLO,,20609464.0,0.01073352,
AXEL,,20608132.0,0.18423,
MLT,,20580793.0,0.165088,
ORCA,,20573052.0,0.897701,
VR,,20464098.0,0.01163874,
QOM,,20387152.0,3.3907e-08,
DF,,20380033.0,0.04730178,
SDN,,20350618.0,0.358317,
AION,,20328838.0,0.03961129,
VIDT,,20114700.0,0.435706,
GCR,,20068226.0,2.0,
ALI,,20020027.0,0.01244225,
QASH,,20007008.0,0.02453295,
VAI,,19948964.0,0.958236,
HEGIC,,19774711.0,0.01829765,
MUTE,,19771164.0,0.493262,
UPP,,19716493.0,0.060216,
UFT,,19501666.0,0.312204,
VITA,,19470768.0,1.16,
ULT,,19362458.0,0.01008679,
RISE,,19323354.0,0.00026934,
PHB,,19314740.0,0.516891,
COVAL,,19276263.0,0.0107684,
CUDOS,,19269097.0,0.00543574,
EROWAN,,19234029.0,0.0081029,
FSN,,19202655.0,0.265222,
SDAO,,19122058.0,0.323862,
KAR,,19099837.0,0.26715,
NYM,,19074847.0,0.278788,
COS,,19060474.0,0.00555632,
GF,,18983410.0,0.135625,
SDT,,18890908.0,0.452866,
HNS,,18762223.0,0.0345884,
NPXS,,18730086.0,7.905e-05,
GET,,18703333.0,1.18,
PRQ,,18676488.0,0.11458,
ALEPH,,18598666.0,0.099546,
GDSY,,18575059.0,9.29,
CRTS,,18557813.0,0.00026922,
AUTO,,18519102.0,245.0,
YVE-CRVDAO,,18310692.0,0.925054,
TKO,,18307381.0,0.243611,
KLIMA,,18303151.0,2.37,
FPIS,,18291679.0,1.37,
MNGO,,18256199.0,0.0166292,
SPA,,18191124.0,0.01175699,
NSBT,,18088946.0,6.61,
FUSE,,18068088.0,0.088285,
MUSD,,17943007.0,1.0,
MDT,,17853544.0,0.02925805,
MIX,,17832361.0,0.00347294,
TONIC,,17783680.0,1.60652e-07,
GFI,,17729225.0,0.644711,
SWAP,,17686987.0,0.224539,
BNBX,,17660839.0,335.49,
SOLVE,,17453784.0,0.03554772,
BTM,,17126429.0,0.00963669,
TOR,,17057618.0,0.992743,
OOKI,,17044310.0,0.00446212,
COC,,16980027.0,1.27234e-07,
FOX,,16972356.0,0.04078866,
RVP,,16929107.0,0.01407265,
UXD,,16634069.0,0.996291,
OVR,,16490561.0,0.612354,
MCRT,,16480628.0,0.00877815,
THALES,,16436651.0,0.591887,
LON,,16348954.0,0.643328,
PEAK,,16243952.0,0.01088332,
ETH2X-FLI,,16235975.0,10.77,
BTC2,,16168620.0,0.900493,
SWISE,,16144207.0,0.099693,
AMB,,16123405.0,0.01352328,
ADCO,,16080600.0,0.357304,
XDG,,16071584.0,0.04598692,
RGT,,16067231.0,1.42,
SPRT,,15972351.0,0.086056,
TVK,,15836004.0,0.03648732,
XFUND,,15829023.0,1581.52,
YLD,,15751090.0,0.083727,
QMALL,,15681827.0,0.499653,
ETHBULL,,15592443.0,6.92,
GEL,,15563900.0,0.258242,
ICETH,,15271722.0,1597.96,
INST,,15245329.0,0.850952,
STOS,,15203139.0,0.559566,
JPEG,,15196191.0,0.00072782,
NIM,,15149884.0,0.00151132,
PNK,,14986915.0,0.02857596,
BIGSB,,14862814.0,1.53,
SIPHER,,14775490.0,0.156777,
JADE,,14687741.0,15.5,
HI,,14658844.0,0.04816296,
GBYTE,,14629860.0,17.69,
ATPAY,,14591137.0,0.484511,
OG,,14538076.0,3.87,
DDX,,14528071.0,0.554185,
VIRES,,14522095.0,15.24,
WOOP,,14504260.0,0.03438637,
BOA,,14362623.0,0.04567511,
RFOX,,14355215.0,0.0088337,
PROS,,14339917.0,0.737164,
LOC,,14106092.0,0.853696,
LBT,,14030230.0,0.186741,
INV,,14023212.0,69.03,
KRL,,14005956.0,0.366896,
POR,,13912394.0,4.39,
ZNN,,13859023.0,1.61,
DEXT,,13824148.0,0.130067,
AVT,,13795053.0,1.49,
ACM,,13779564.0,3.31,
PSP,,13738739.0,0.03349627,
MNTL,,13731371.0,0.053219,
MATH,,13700768.0,0.087125,
SNOW,,13695166.0,1.23,
NCT,,13665696.0,0.00888359,
CPH,,13627744.0,0.02524043,
FYN,,13609137.0,0.05911,
TREEB,,13598203.0,0.02378136,
YDF,,13527289.0,0.03463856,
PNT,,13477069.0,0.236626,
RAI,,13446983.0,2.82,
WICC,,13432400.0,0.063837,
OXEN,,13421323.0,0.221092,
JUV,,13420710.0,3.91,
LTX,,13396479.0,0.416757,
VXV,,13394553.0,0.353664,
$ADS,,13337432.0,0.130061,
FWT,,13295081.0,0.00195712,
PPC,,13260806.0,0.475654,
VIB,,13214462.0,0.072191,
BANANA,,13160895.0,0.081566,
CVP,,13139641.0,0.423156,
MBS,,13125143.0,0.149369,
HOPR,,13120894.0,0.059701,
BOO,,13028180.0,1.31,
RBLS,,13017766.0,0.128699,
BTCP,,12961361.0,100.46,
BUX,,12949291.0,0.199338,
APX,,12897201.0,0.03108833,
DXL,,12875003.0,0.078402,
PND,,12871047.0,0.00036981,
METH,,12868375.0,56.2,
TKP,,12863374.0,0.16191,
OPUL,,12841184.0,0.071707,
LBC,,12828968.0,0.01955122,
AWX,,12815987.0,3.83,
GST-SOL,,12802046.0,0.02425841,
DORA,,12786309.0,3.54,
HOGE,,12733462.0,3.057e-05,
NGM,,12705991.0,0.171974,
COPI,,12684625.0,0.01889902,
JET,,12559932.0,0.080305,
SIX,,12554749.0,0.04576828,
VRO,,12466004.0,53.56,
QRL,,12417222.0,0.161891,
KOBE,,12374231.0,0.304987,
SWTH,,12311488.0,0.00713898,
GTO,,12307054.0,0.0185386,
NWC,,12305706.0,0.083975,
SBTC,,12296265.0,20571.0,
NUM,,12178375.0,0.053964,
PDT,,12132014.0,0.097489,
ABT,,12103713.0,0.122249,
MITH,,12087880.0,0.01950493,
ZMT,,12083685.0,0.136153,
WXT,,12009899.0,0.00520908,
BTU,,11998312.0,0.149682,
PDEX,,11951889.0,1.6,
RSS3,,11937270.0,0.12898,
PREMIA,,11933770.0,1.13,
VTC,,11904385.0,0.18181,
CRU,,11806512.0,0.746613,
MANC,,11545018.0,1.15,
APEX,,11523075.0,0.48291,
KOMPETE,,11492009.0,0.01906397,
IBBTC,,11487876.0,19370.2,
HEC,,11487728.0,4.74,
ZKS,,11485072.0,0.051289,
LUFFY,,11433313.0,1.34472e-10,
CGS,,11416227.0,0.01191617,
MNDE,,11362821.0,0.078381,
FLX,,11355912.0,19.06,
SCLP,,11352035.0,0.236499,
FLEX,,11346912.0,0.114755,
DETO,,11340431.0,0.129102,
THOR,,11334813.0,0.128945,
XCP,,11295572.0,4.32,
EDEN,,11290169.0,0.096761,
DMD,,11240896.0,3.02,
QSP,,11166460.0,0.0156092,
LSS,,11140869.0,0.193128,
CTX,,11126858.0,3.11,
MBL,,11121472.0,0.0031445,
SNM,,11108676.0,0.249745,
UNCX,,11097035.0,306.3,
SCP,,11019842.0,0.21339,
RDD,,11015255.0,0.00035427,
FOAM,,10999414.0,0.03085447,
GARI,,10909386.0,0.051257,
NMX,,10863594.0,0.158517,
PTS,,10858657.0,0.00112767,
XAI,,10844564.0,0.121136,
FOR,,10843576.0,0.01916775,
ZCN,,10814736.0,0.221947,
VEE,,10793805.0,0.00326168,
WAS,,10789369.0,0.03107827,
CAP,,10700555.0,107.78,
MOON,,10667344.0,0.102113,
SNFT,,10645666.0,0.437531,
CHNG,,10597449.0,0.05059,
HAPI,,10583729.0,15.01,
TIME,,10561988.0,11.65,
PNG,,10557468.0,0.079061,
AURY,,10507744.0,1.11,
WHALE,,10479314.0,1.14,
SNL,,10470915.0,0.04278475,
MAPS,,10433849.0,0.138935,
INTER,,10389393.0,3.12,
IN,,10290356.0,38.12,
REVV,,10207635.0,0.0176223,
DVF,,10161848.0,0.841537,
STC,,10138972.0,0.03460601,
DEGO,,10134245.0,1.86,
INDEX,,10119940.0,2.24,
ENQ,,10076645.0,0.04946231,
IBAT,,10070120.0,0.00303876,
XEP,,10053791.0,0.00057129,
ATM,,10053539.0,3.6,
BSCPAD,,10010320.0,0.126144,
XETA,,10000571.0,0.050513,
DOG,,9934812.0,0.00114764,
PART,,9880081.0,0.783201,
NRG,,9871316.0,0.170393,
BRIDGE,,9860713.0,1.58,
AFC,,9835016.0,2.08,
HAI,,9829264.0,0.01940376,
BOOT,,9813984.0,2.4241e-08,
YCC,,9723199.0,0.00195599,
PEEL,,9640947.0,0.068606,
VINU,,9632034.0,2.0588e-08,
MONSTA,,9613865.0,0.0015236,
WWY,,9587852.0,0.01189096,
ARV,,9558821.0,0.00013152,
SWFTC,,9544576.0,0.00146495,
BEPRO,,9530640.0,0.00100013,
IDRT,,9530219.0,6.406e-05,
TOWN,,9507709.0,0.02350241,
XOR,,9433162.0,5.29,
SOV,,9432015.0,0.413356,
COW,,9422836.0,0.085458,
PXP,,9409972.0,0.02067346,
URUS,,9346466.0,20.5,
TORN,,9326549.0,6.16,
LOV,,9300755.0,0.068891,
APL,,9292838.0,0.00063548,
WLKN,,9234274.0,0.051264,
SWP,,9224005.0,0.08128,
TITAN,,9188673.0,0.091091,
ADP,,9176574.0,0.00872564,
EQUAD,,9144723.0,0.01679216,
MCHC,,9141775.0,0.318166,
SOCKS,,9082924.0,30075.0,
LOOT,,9080049.0,0.697192,
QI,,9073354.0,0.107927,
DERC,,9065147.0,0.183732,
MANDOX,,9044170.0,6.03694e-07,
ATLAS,,9031827.0,0.00417481,
RBC,,9027633.0,0.080238,
DOGEGF,,8998728.0,4.85254e-10,
NFTX,,8984184.0,21.52,
NTVRK,,8982789.0,0.214509,
OXY,,8979025.0,0.04419493,
TOMB,,8973158.0,0.02891304,
CREAM,,8942500.0,11.64,
OAX,,8912956.0,0.154233,
GO,,8877589.0,0.00740165,
DFX,,8834546.0,0.36599,
ALU,,8828738.0,0.01406728,
X2Y2,,8794770.0,0.074359,
SYLO,,8789530.0,0.00210935,
GZONE,,8781296.0,0.02116185,
VEED,,8780740.0,0.00157703,
JONES,,8762284.0,2.25,
SILO,,8752882.0,0.04933117,
GMM,,8743940.0,0.00067379,
UNDEAD,,8710734.0,0.579748,
MYST,,8683046.0,0.26705,
SOS,,8656745.0,2.1668e-07,
CRPT,,8632011.0,0.101596,
SPANK,,8599572.0,0.00981236,
OATH,,8551457.0,0.085375,
SWAPXI,,8550682.0,0.407175,
TABOO,,8538663.0,0.00087099,
VOXEL,,8497860.0,0.23477,
GENE,,8496835.0,2.1,
SATT,,8462342.0,0.00198772,
OOE,,8435770.0,0.02886852,
CRW,,8429179.0,0.27315,
RAE,,8418177.0,1.15,
CMDX,,8407754.0,0.189322,
SEUR,,8370511.0,0.986692,
UXP,,8348725.0,0.01801139,
BAO,,8305009.0,0.00011299,
CAPS,,8287202.0,0.01056134,
ASK,,8276147.0,0.00051145,
DACXI,,8234600.0,0.00222538,
PALLA,,8211780.0,0.01079465,
SHILL,,8196442.0,0.02440063,
BAN,,8172720.0,0.00587161,
WNK,,8102395.0,0.00207415,
TPAD,,8092698.0,0.08958,
USD+,,8078134.0,0.998153,
HTB,,8073622.0,0.01039539,
NOTE,,8050351.0,0.368185,
VIDYA,,8028808.0,0.178189,
CWBTC,,8021360.0,411.37,
USDX,,8008238.0,1.66,
XAVA,,7963408.0,0.272549,
XPX,,7940236.0,0.00122265,
PKOIN,,7935670.0,0.703148,
HIBS,,7924710.0,0.00070231,
UNIDX,,7888315.0,2.2,
VID,,7884457.0,0.0469342,
LIQ,,7881259.0,0.649655,
XDEFI,,7862606.0,0.10605,
ARIA20,,7761491.0,0.288122,
PHONON,,7722762.0,0.00123426,
ID,,7715794.0,0.065959,
GULF,,7702657.0,0.050915,
GAL,,7699367.0,1.87,
NEER,,7691015.0,0.373812,
SHI,,7676681.0,5.41018e-07,
GAMI,,7673485.0,0.326348,
ALD,,7670405.0,0.057071,
EAC,,7658808.0,0.00059417,
WTC,,7656373.0,0.261726,
SCNSOL,,7610497.0,34.82,
MIMO,,7604977.0,0.01571575,
VAL,,7596543.0,1.61,
SLIM,,7557689.0,0.077352,
ES,,7550684.0,0.00490804,
RING,,7544593.0,0.00614739,
DVI,,7541911.0,0.03047116,
EL,,7539444.0,0.00235926,
MVX,,7524886.0,3.37,
$NMKR,,7510935.0,0.00397474,
APM,,7442149.0,0.02050073,
GRID,,7408624.0,0.188171,
POP,,7363968.0,0.351394,
PEX,,7343522.0,0.13198,
SUKU,,7334813.0,0.061431,
MCT,,7333016.0,0.162604,
DIME,,7320002.0,1.297e-05,
MMF,,7251927.0,0.01492638,
ASR,,7200487.0,3.17,
MENGO,,7154804.0,1.56,
MMPRO,,7153385.0,0.077656,
ZKP,,7137457.0,0.03280087,
EEUR,,7074579.0,0.937411,
NTX,,7014642.0,0.01573849,
FWB,,6969281.0,11.63,
POLIS,,6960556.0,0.321789,
STEP,,6960124.0,0.02843222,
IPAD,,6947050.0,0.00694705,
XHV,,6929294.0,0.463039,
WEGRO,,6913224.0,0.00182618,
TSHARE,,6901714.0,175.49,
CHEQ,,6889623.0,0.04338805,
CROWD,,6879505.0,0.120913,
CELL,,6815197.0,0.236083,
TROY,,6810005.0,0.00357928,
TBTC,,6775257.0,20376.0,
DOGEDASH,,6752921.0,0.00012543,
FEVR,,6746318.0,0.00091164,
STEAMX,,6716710.0,6.705e-05,
AQUA,,6677288.0,0.00072866,
PORTX,,6638872.0,0.073594,
GHX,,6636407.0,0.01578475,
EJS,,6635364.0,0.00229952,
CIRUS,,6613128.0,0.106767,
EPIC,,6610984.0,0.433692,
WEX,,6585376.0,0.00087799,
DEL,,6573019.0,0.03840551,
JUP,,6503884.0,0.00648969,
HDP.Ð¤,,6492608.0,0.097869,
C3,,6472417.0,0.302171,
SHIRYO-INU,,6461987.0,6.683e-12,
SHFT,,6458539.0,0.01200362,
COLA,,6426752.0,0.097152,
QUBE,,6425664.0,3.84,
RAINI,,6418808.0,0.01306989,
CGO,,6415735.0,52.61,
IDIA,,6413079.0,0.090843,
CLINK,,6400237.0,0.158681,
SWASH,,6399988.0,0.0149299,
TRIAS,,6349473.0,1.27,
WABI,,6346126.0,0.107153,
WOM,,6324444.0,0.307423,
MUSE,,6312301.0,6.34,
BBANK,,6289274.0,0.01689342,
CYCE,,6267030.0,0.309881,
ANGLE,,6259419.0,0.03119011,
VXL,,6241975.0,0.0282572,
DOBO,,6217529.0,1.0994e-08,
WCHI,,6206010.0,0.107667,
UPUNK,,6144270.0,0.02457069,
UBSN,,6120103.0,3.752e-05,
DGD,,6093868.0,82.56,
GUILD,,6093676.0,0.04354175,
KAN,,6079671.0,0.00111287,
INSUR,,6072870.0,0.103495,
DRGN,,6054115.0,0.01639221,
KRIPTO,,6037080.0,0.00101856,
SRX,,6024733.0,0.019387,
VLXPAD,,6022690.0,0.01380781,
SIGNA,,6012215.0,0.00279238,
DHN,,5997474.0,0.111793,
SAUCE,,5968161.0,0.02208163,
NRCH,,5959978.0,2.68,
VST,,5956894.0,0.993658,
OCC,,5956538.0,0.236474,
IUSDC,,5952038.0,1.058,
VALOR,,5921037.0,0.221029,
DVPN,,5867898.0,0.00046467,
USV,,5825445.0,56.06,
BITCNY,,5789097.0,0.140399,
YOU,,5787491.0,2.23,
RBW,,5772885.0,0.085151,
BONDLY,,5763208.0,0.0082539,
REFI,,5759199.0,0.0057592,
POSI,,5757226.0,0.093803,
DTX,,5754828.0,0.02549537,
MCONTENT,,5745157.0,1.557e-09,
XED,,5743249.0,0.063711,
CUBE,,5742453.0,0.119141,
PENDLE,,5716771.0,0.058894,
QLC,,5705429.0,0.02371652,
TULIP,,5698040.0,3.63,
GRIN,,5668778.0,0.04724968,
MONA,,5660820.0,542.36,
SVS,,5653219.0,0.0013332,
KASTA,,5640769.0,0.04169459,
BETU,,5635968.0,0.053883,
OMAX,,5622143.0,0.00058466,
ZYN,,5599007.0,0.177527,
REF,,5597674.0,0.272193,
CCT,,5594864.0,0.301456,
PARA,,5591252.0,0.00018846,
MOOV,,5550286.0,0.00616063,
RETH2,,5548281.0,1550.71,
GMEE,,5540256.0,0.01373591,
Z7,,5534217.0,0.064793,
TIFI,,5505870.0,6.0211e-08,
SIDUS,,5503472.0,0.0017374,
XIDR,,5497060.0,6.369e-05,
VEUSD,,5495449.0,1.001,
TRA,,5492455.0,1.39,
PSWAP,,5441476.0,0.00147459,
SDL,,5397028.0,0.01304721,
POLK,,5394675.0,0.064076,
ARC,,5373405.0,0.01094321,
RADAR,,5361518.0,0.00759242,
ZINU,,5352789.0,9.242e-09,
XELS,,5352670.0,0.820276,
TRVL,,5350345.0,0.04516134,
XHT,,5319402.0,0.173614,
CIV,,5314346.0,0.01794039,
HAUS,,5310006.0,5.29,
MHC,,5300905.0,0.00143216,
ATRI,,5296279.0,0.0035112,
SAN,,5292825.0,0.082456,
DEUS,,5286179.0,42.96,
ZANO,,5276145.0,0.391767,
RUNE,,5271869.0,1.36,
POOLZ,,5238575.0,1.38,
CARD,,5191192.0,0.00172903,
HOP,,5185197.0,0.102453,
DFAI,,5177561.0,0.00263271,
IWBTC,,5160267.0,21616.0,
QUARTZ,,5150261.0,1.78,
BUY,,5146592.0,0.01548138,
FCT,,5131127.0,0.491946,
MSU,,5122845.0,0.04460734,
SAFEMARS,,5117168.0,1.3308e-08,
CAS,,5114872.0,0.00703533,
RDT,,5098076.0,0.0317412,
RTM,,5045244.0,0.00230261,
NCR,,5032116.0,0.121692,
NVT,,5018634.0,0.01375303,
MOVE,,5007675.0,2.333e-05,
LORDS,,5001738.0,0.098295,
FWC,,4979873.0,1.09997e-10,
POLAR,,4971361.0,0.02672405,
EDG,,4963302.0,0.00071281,
WAIT,,4953324.0,0.050428,
EPIK,,4938805.0,0.00854129,
RADIO,,4914213.0,0.00142439,
PKT,,4910337.0,0.00132673,
SKEY,,4890663.0,0.01715372,
SD,,4888075.0,0.471841,
PKF,,4884307.0,0.115809,
BORING,,4876313.0,0.00476908,
AQUA,,4861262.0,51.17,
GEEQ,,4860932.0,0.136887,
STAX,,4851093.0,0.243878,
RPG,,4845837.0,1.44,
MVG,,4845089.0,0.00088966,
TCH,,4840845.0,0.00702733,
KYL,,4827540.0,0.01766602,
DIP,,4786506.0,0.01322943,
GMR,,4785697.0,0.01452847,
XTM,,4771252.0,0.02803562,
BEETS,,4768590.0,0.0385759,
NEX,,4767652.0,0.163098,
BCN,,4763223.0,2.583e-05,
JMPT,,4751486.0,2.54,
CGG,,4748028.0,0.094655,
PLI,,4730929.0,0.07757,
GPCX,,4726020.0,0.0008458,
NAKA,,4725206.0,0.072494,
VEMP,,4725200.0,0.02155705,
BTNT,,4718737.0,0.177252,
SNTVT,,4714389.0,0.00184509,
FLX,,4712955.0,0.03274348,
SHA,,4709906.0,0.0007976,
LNR,,4704608.0,0.058727,
CRP,,4683014.0,0.655207,
NATION,,4681831.0,672.83,
STRX,,4680399.0,0.03082563,
FRM,,4670541.0,0.04041862,
CBX,,4668849.0,0.055219,
MVI,,4656700.0,27.57,
CHAIN,,4655811.0,0.01640581,
DHT,,4648168.0,0.134627,
MAHA,,4642306.0,1.16,
GOVI,,4626961.0,0.300299,
MINT,,4622774.0,4.04e-06,
FKX,,4615352.0,0.03073762,
PAID,,4607250.0,0.02826983,
PBR,,4604104.0,0.070497,
NAV,,4590219.0,0.061269,
BSCX,,4555516.0,1.19,
BIP,,4539234.0,0.00070896,
JRT,,4534641.0,0.02123784,
JGN,,4534335.0,0.04523249,
BOMB,,4526903.0,2.0,
OXB,,4526852.0,0.622688,
TETU,,4519485.0,0.01765964,
SALT,,4518510.0,0.051442,
AURA,,4497649.0,0.089108,
PUSH,,4496491.0,0.301709,
EDG,,4489428.0,0.03898819,
MPS,,4480184.0,8.94,
TAKI,,4463942.0,0.00610504,
DANA,,4436501.0,0.101661,
AMDG,,4427480.0,0.065282,
NEWO,,4419313.0,0.03267985,
MOBI,,4389947.0,0.00852032,
XRT,,4383178.0,3.65,
WEBD,,4341509.0,0.00023227,
LING,,4326859.0,0.00523959,
WRLD,,4324515.0,0.00785748,
WOM,,4311149.0,0.04309331,
GAINS,,4310264.0,0.121736,
JAM,,4295127.0,0.00359473,
BAS,,4284267.0,0.086821,
STACK,,4283019.0,0.01012834,
PROB,,4279704.0,0.156278,
POLYPAD,,4275854.0,0.00388477,
DPET,,4275072.0,0.085391,
DIGITS,,4266912.0,0.00425732,
USDS,,4259833.0,0.502942,
VSTA,,4251278.0,0.501301,
LIKE,,4247876.0,0.0036384,
ORAI,,4235030.0,1.43,
DFL,,4232378.0,0.00142622,
RBIS,,4211852.0,0.430736,
EOSDT,,4192387.0,0.777478,
SRY,,4182652.0,0.00395431,
ARA,,4165077.0,0.02597734,
ADAPAD,,4156495.0,0.01100808,
DSLA,,4150262.0,0.0007659,
CRAMER,,4117658.0,0.00460898,
WIT,,4109375.0,0.00374579,
PLS,,4106594.0,0.378332,
PIB,,4105271.0,0.00034912,
LBL,,4102765.0,0.00570724,
XYZ,,4097218.0,0.00647382,
ECC,,4069297.0,0.04238193,
SPE,,4067893.0,0.00688484,
SRLTY,,4061846.0,0.00013605,
CELT,,4049891.0,0.00249948,
BPRO,,4025474.0,0.998066,
PMON,,4023145.0,1.17,
NAP,,4019745.0,2.96,
BYTZ,,3972523.0,0.00044538,
GZIL,,3970438.0,7.08,
CUMMIES,,3964968.0,0.00315747,
WAMPL,,3959878.0,4.32,
EVN,,3954925.0,13.21,
MTH,,3939198.0,0.01120751,
TOWER,,3923337.0,0.00534873,
WOW,,3923134.0,0.058818,
UFC,,3910118.0,1.74,
OS,,3888408.0,5.25,
TON,,3886506.0,0.01394504,
SKEB,,3880889.0,0.00829853,
COV,,3870916.0,0.205462,
GLCH,,3868601.0,0.055111,
WGC,,3862324.0,0.34541,
DPAY,,3860796.0,0.00467934,
MTV,,3860715.0,0.00111409,
KROM,,3856180.0,0.04671857,
SHOP,,3851224.0,0.03841322,
USDP,,3835392.0,0.959951,
POLYDOGE,,3806243.0,4.418e-09,
PBX,,3804658.0,0.00096652,
MTA,,3785552.0,0.075602,
PTP,,3779514.0,0.077274,
RVLT,,3775322.0,6.0613e-08,
BANANA,,3747735.0,0.625821,
XDB,,3721695.0,0.00487354,
REALM,,3717596.0,0.01260705,
ADK,,3704288.0,0.148172,
KALM,,3700481.0,0.587045,
CGT,,3698743.0,52.76,
ZMN,,3696233.0,0.00608746,
NXT,,3685842.0,0.00368445,
AMPLIFI,,3675207.0,58.84,
IGNIS,,3665621.0,0.0048071,
LGCY,,3662280.0,0.00029703,
KMA,,3657638.0,0.0022881,
DERI,,3643984.0,0.02776527,
SFI,,3637729.0,45.46,
DOSE,,3635884.0,0.00832474,
USDS,,3619951.0,0.997468,
AIR,,3606421.0,0.00913498,
NSFW,,3586013.0,8.294e-05,
FODL,,3580789.0,0.00980328,
NHT,,3580032.0,0.00043959,
DEHUB,,3565061.0,0.00108566,
AUTO,,3564210.0,0.00052609,
ABYSS,,3557909.0,0.01548822,
VOICE,,3506272.0,99.54,
DFYN,,3483145.0,0.02195989,
UNO,,3481400.0,0.04598273,
SIN,,3480900.0,0.01350955,
PAC,,3477391.0,0.00019963,
MOD,,3467106.0,0.224569,
OTO,,3453969.0,0.090165,
PING,,3451386.0,0.00091553,
KNDX,,3443789.0,1.11e-06,
VELO,,3437604.0,0.00278943,
MIST,,3436715.0,2.22,
MEME,,3428883.0,0.081976,
DYP,,3418390.0,0.144401,
MORK,,3412652.0,0.35141,
SPOOL,,3411908.0,0.208069,
RIN,,3372409.0,0.292415,
GRC,,3355278.0,0.00756232,
OWC,,3354124.0,0.22056,
BRWL,,3353483.0,0.00337165,
BLOCK,,3346694.0,0.054662,
FLOOR,,3345828.0,2.61,
GAME,,3330022.0,0.055319,
PRISM,,3324996.0,0.00544167,
CHICKS,,3316967.0,0.00231486,
BOG,,3315930.0,0.235712,
ICE,,3314848.0,0.254106,
SHX,,3286990.0,0.00061004,
TRONPAD,,3267671.0,0.00426208,
LA,,3261968.0,0.053793,
IDO,,3245589.0,0.07787,
IXS,,3241625.0,0.03670794,
VTX,,3241126.0,0.171206,
BREED,,3232610.0,0.094756,
BPT,,3231618.0,0.399388,
GST-ETH,,3230681.0,0.089868,
VSYS,,3224844.0,0.00120114,
LITH,,3204863.0,0.00059155,
STIMA,,3192887.0,1.005,
PLANETS,,3172263.0,0.00426936,
SAFE,,3165760.0,0.101183,
YAK,,3162733.0,331.73,
XWIN,,3159998.0,0.544738,
NGL,,3157101.0,0.293625,
VSP,,3148343.0,0.368392,
MATTER,,3147764.0,0.094919,
GM,,3119442.0,6.53e-06,
YAM,,3103992.0,0.18948,
VERSE,,3100449.0,0.00382955,
SNC,,3080987.0,0.02504453,
TEMP,,3079448.0,0.03579858,
BIFI,,3077126.0,0.00787625,
BBS,,3074471.0,0.01760006,
SKU,,3068862.0,0.01915219,
LAMB,,3044607.0,0.00163091,
ROME,,3041526.0,13.38,
BSX,,3040553.0,0.00012689,
SKY,,3039791.0,0.138033,
RDN,,3023101.0,0.058887,
PI,,3023077.0,0.00328484,
LITH,,3021344.0,0.00097158,
LQDR,,3020400.0,1.08,
BOB,,3008696.0,0.999814,
TKN,,3003864.0,0.082741,
O3,,2990228.0,0.083536,
GTON,,2986030.0,0.820424,
FST,,2980438.0,0.132994,
DEFIT,,2963479.0,0.10767,
PACT,,2946623.0,0.0010416,
XTT-B20,,2946384.0,0.0244585,
WPP,,2929582.0,0.00094236,
ONSTON,,2922317.0,0.02295712,
EQX,,2919293.0,0.01218819,
FUEL,,2918607.0,23.59,
APRIL,,2912839.0,0.04573778,
DVPN,,2907824.0,0.00145393,
ERR,,2907479.0,0.000229,
LIT,,2888460.0,5.554e-05,
SIB,,2877730.0,0.14541,
XFT,,2875275.0,0.456546,
DLC,,2850532.0,0.129976,
CZRX,,2847370.0,0.00525967,
ICE,,2838683.0,0.00728838,
NGC,,2838589.0,0.03637015,
TUT,,2829231.0,0.154429,
SRK,,2826877.0,0.00031183,
VERSA,,2807294.0,0.069134,
CNHT,,2796401.0,0.134797,
GEIST,,2788660.0,0.00908295,
ZOO,,2787609.0,0.01084894,
JRIT,,2785278.0,0.089688,
ALYA,,2782271.0,0.294188,
GHOST,,2778122.0,0.132715,
PATH,,2776420.0,0.0135588,
BABYDOGE,,2773247.0,6.948e-09,
RVF,,2766230.0,0.0427063,
$DCAP,,2752103.0,0.052925,
TRUBGR,,2748882.0,5.476e-09,
SPC,,2745505.0,0.00673917,
ORB,,2739117.0,0.051147,
1ART,,2735369.0,0.02069481,
UNIC,,2733654.0,6.65,
OOKS,,2725043.0,0.242885,
NYAN,,2722142.0,0.00799671,
STRONG,,2717964.0,6.8,
BIT,,2714289.0,7.24e-06,
MAG,,2710259.0,0.01040259,
POOL,,2710206.0,0.905122,
OGV,,2707620.0,0.00630199,
EVC,,2705237.0,0.00081977,
GSWAP,,2702318.0,0.325808,
BFT,,2699173.0,0.00816324,
CPD,,2697187.0,0.02898452,
BOX,,2696764.0,1.035,
STRP,,2693379.0,0.723576,
K21,,2685030.0,0.170548,
PPT,,2684085.0,0.073767,
CLY,,2679239.0,0.0453444,
BMON,,2676391.0,0.01574282,
TEN,,2668649.0,0.02310836,
BLN,,2649397.0,0.052894,
SFD,,2647688.0,0.599531,
CARDS,,2643447.0,0.342514,
TAU,,2636794.0,0.01749395,
HZN,,2626368.0,0.04142862,
FCL,,2624079.0,0.02137247,
RVST,,2620132.0,0.03694781,
SBR,,2614777.0,0.00218953,
SMT,,2613762.0,0.00156772,
WOOF,,2611598.0,0.00014596,
LUNAT,,2611482.0,4.905e-05,
COLLIE,,2607187.0,3.33e-06,
GAMMA,,2606791.0,0.064202,
$WEAPON,,2593763.0,0.262922,
ELT,,2588321.0,0.00313793,
BDT,,2587080.0,2.23,
THT,,2586707.0,0.00781747,
MFG,,2581835.0,0.0068606,
VCG,,2576040.0,0.02572874,
VFOX,,2569557.0,0.122168,
KLEE,,2568754.0,2.5618e-11,
BCDT,,2566587.0,0.070011,
ZB,,2565023.0,0.0435665,
SRCX,,2560376.0,0.00869677,
FIBO,,2552554.0,0.00058557,
VCF,,2543647.0,1.021,
1WO,,2532655.0,0.101365,
GOZ,,2529328.0,1.16,
GST-BSC,,2518177.0,0.02529084,
FOREX,,2512333.0,0.02824527,
MPH,,2510201.0,1.94,
TGT,,2507688.0,0.00925326,
LUA,,2502511.0,0.01352791,
MARSH,,2499498.0,0.066117,
HERMES,,2498022.0,0.09079,
TNB,,2494738.0,0.00072579,
BAI,,2494152.0,0.998962,
DBC,,2493994.0,0.00077901,
SASHIMI,,2492355.0,0.01123486,
SPIRIT,,2483114.0,0.00728099,
POLC,,2473984.0,0.03450594,
BLITZ,,2471656.0,0.00919493,
SCC,,2467060.0,0.227159,
PSL,,2466676.0,0.00081194,
NBS,,2466136.0,0.00079144,
NEBO,,2464505.0,2.24,
OLT,,2458335.0,0.0056381,
STAKE,,2447708.0,1.33,
ZEE,,2447110.0,0.03580425,
ARCX,,2434189.0,0.066775,
FRIN,,2429866.0,0.00349376,
BEND,,2423946.0,0.00584647,
PAL,,2423676.0,0.333759,
BIR,,2422109.0,0.01899921,
NFTART,,2419369.0,9.9871e-11,
HIRAM,,2419111.0,0.060478,
BFR,,2414266.0,0.3321,
SIENNA,,2410508.0,0.644598,
KCCPAD,,2391573.0,0.00756132,
DDIM,,2387187.0,2.04,
WALLET,,2381180.0,0.00996692,
LABS,,2357179.0,0.0011068,
MITX,,2356732.0,0.00541767,
SUTER,,2350338.0,0.00064585,
NAOS,,2345459.0,0.03115598,
DWEB,,2336183.0,0.173869,
CHANGE,,2325972.0,0.02496208,
PNODE,,2324196.0,0.01250101,
JUR,,2323401.0,0.00882308,
WAM,,2315435.0,0.01200573,
PEBBLE,,2308695.0,3.193e-05,
ETP,,2304239.0,0.02774617,
APW,,2298671.0,0.237856,
PRIMATE,,2292885.0,0.0162051,
RCN,,2289405.0,0.0042818,
ISP,,2280417.0,0.00075569,
XCUR,,2280208.0,0.050586,
DASHD,,2279502.0,0.00858309,
IFC,,2275419.0,2.509e-05,
BTCMT,,2272121.0,0.548142,
TIPS,,2259383.0,3.74e-06,
BDAMM,,2257659.0,1.077,
BANK,,2256124.0,0.00878619,
BUILD,,2255516.0,0.00023451,
ONES,,2248028.0,0.189284,
NFD,,2240286.0,3.985e-05,
EMC2,,2238969.0,0.01002006,
ORC,,2234756.0,0.00236648,
NEOX,,2230033.0,0.00189683,
CRA,,2227178.0,0.01222256,
ROCO,,2218923.0,0.12817,
SHROOM,,2216981.0,0.04701144,
PAR,,2215120.0,0.986626,
IDAI,,2210558.0,1.034,
UNV,,2208186.0,0.0028482,
ANCHOR,,2207424.0,0.0107395,
SHOPX,,2205445.0,0.02409921,
MM,,2203925.0,2.19,
XSP,,2202006.0,0.00091741,
LED,,2182862.0,0.05305,
BUY,,2174760.0,0.0039411,
GNY,,2173373.0,0.01308563,
HBB,,2170506.0,0.126804,
ORS,,2157524.0,0.01109964,
INUKO,,2152394.0,0.216001,
BCMC,,2144205.0,0.01006891,
TAROT,,2143397.0,0.04943854,
SVN,,2136532.0,0.01118187,
AVG,,2129412.0,0.083555,
USDB,,2128899.0,0.998215,
LCC,,2127976.0,0.00275964,
BRG,,2127043.0,0.00026477,
DCN,,2125531.0,2.99e-06,
PLOT,,2116643.0,0.02018032,
XEND,,2113925.0,0.02718169,
BLANK,,2111544.0,0.051789,
UWL,,2106980.0,0.30287,
BTCZ,,2101696.0,0.00017822,
TRADE,,2096711.0,0.122364,
NFTY,,2096243.0,0.00492735,
SLCL,,2095559.0,0.04445105,
DIO,,2093687.0,0.01204324,
BNC,,2093109.0,0.124757,
YUZU,,2077458.0,2.076e-09,
SOLACE,,2072162.0,0.00925462,
SWRV,,2070645.0,0.117607,
DEC,,2062855.0,0.01892224,
FPFT,,2057920.0,0.082967,
FTC,,2041194.0,0.00797232,
ASM,,2038826.0,1.41,
FEAR,,2034151.0,0.142947,
KEX,,2027636.0,0.061387,
PMGT,,2026685.0,1658.61,
DPS,,2023633.0,0.03331525,
KAINET,,2011479.0,0.00396354,
SMI,,2009623.0,2e-06,
BIX,,2007166.0,0.01708472,
CWT,,2006772.0,0.01601659,
METF,,2003220.0,3.15,
BLUESPARROW,,2001788.0,0.04581697,
UNIX,,2000906.0,0.056976,
HART,,1996480.0,0.00166431,
UBQ,,1991344.0,0.04137881,
GDOGE,,1991072.0,1.9853e-11,
UJENNY,,1990074.0,0.19847,
REVU,,1986904.0,0.02748111,
PAY,,1982731.0,0.01676618,
ADAX,,1978679.0,0.03762219,
UNCL,,1975006.0,9.75,
ABR,,1964548.0,0.434954,
MGPT,,1957802.0,0.079444,
DAFI,,1955477.0,0.00341697,
STON,,1948676.0,0.01042421,
MINT,,1944814.0,0.01845458,
COGI,,1944413.0,0.02696168,
VADER,,1938224.0,0.00031669,
ASIA,,1926044.0,0.100644,
ERSDL,,1924673.0,0.00508191,
VAB,,1921658.0,0.00165723,
BSK,,1917197.0,0.149735,
BCUBE,,1917134.0,0.094798,
BAX,,1906558.0,5.828e-05,
STARSHIP,,1904014.0,0.101047,
EULER,,1904011.0,0.02628822,
GRG,,1900976.0,0.288418,
FROYO,,1900859.0,0.01219777,
WGR,,1895458.0,0.00772459,
MONI,,1890044.0,0.05106,
TIDAL,,1887311.0,0.00031563,
MMF,,1884025.0,0.02237496,
BRUSH,,1881818.0,0.00762365,
KUMA,,1881130.0,1.578e-08,
PAPER,,1879576.0,0.00207728,
GIV,,1876497.0,0.03014941,
PACOCA,,1875792.0,0.00816323,
GYRO,,1872954.0,3.98,
LOCG,,1863240.0,0.01580976,
CBC,,1856830.0,0.00892721,
BLT,,1856494.0,0.03277552,
LINU,,1855792.0,2.47e-09,
TREAT,,1855217.0,1.9,
YAE,,1852467.0,0.0285487,
PERC,,1852187.0,0.250134,
XNL,,1851786.0,0.03092836,
HTO,,1850104.0,0.084381,
NFTD,,1848362.0,0.050349,
UBXT,,1844007.0,0.00430884,
PHTK,,1842253.0,0.00405119,
BLXM,,1836468.0,0.41899,
NRFB,,1835463.0,0.01495495,
KLT,,1833012.0,0.00020337,
SWAG,,1831365.0,0.01735066,
FREE,,1825467.0,2.27769e-07,
HORD,,1821746.0,0.02039209,
TENDIE,,1820531.0,0.304555,
1337,,1819732.0,0.22621,
GQ,,1818002.0,0.00233917,
IDLE,,1817908.0,0.33304,
MBX,,1815637.0,0.00038218,
ELK,,1814649.0,0.174128,
CXD,,1813528.0,0.01832805,
GCOIN,,1812470.0,0.059197,
IOV,,1812210.0,0.01341169,
DOP,,1807768.0,0.228643,
UMB,,1806171.0,0.01097478,
LYM,,1801169.0,0.00213868,
NPX,,1800848.0,0.070969,
ABL,,1792973.0,0.00642075,
CLOAK,,1789918.0,0.30272,
DAV,,1789049.0,0.00287585,
HE,,1783883.0,0.00677103,
XY,,1780527.0,0.171356,
REVO,,1780194.0,0.054484,
KAT,,1779505.0,0.00111431,
SDC,,1778675.0,0.102223,
DNXC,,1766801.0,0.01511642,
UBE,,1765768.0,0.02420447,
HFT,,1754263.0,1.359e-05,
PHNX,,1751982.0,0.00553161,
NYC,,1750552.0,0.00033607,
0XBTC,,1750456.0,0.163156,
MMO,,1749250.0,0.377619,
DIVER,,1749002.0,0.01400663,
MARS4,,1748263.0,0.00097196,
SPORT,,1742248.0,0.054254,
MAXI,,1737943.0,3.01,
KOM,,1737305.0,0.00134844,
EXNT,,1735159.0,0.027318,
BTX,,1734610.0,0.090751,
DIFF,,1730558.0,0.01987343,
MEDIA,,1729720.0,6.9,
$KMC,,1728141.0,5.684e-05,
XPM,,1726592.0,0.067868,
UCASH,,1724394.0,0.0001624,
OPIUM,,1721706.0,0.168504,
SMARTCREDIT,,1720967.0,0.96318,
ACT,,1714332.0,0.00199624,
BULL,,1711840.0,0.00676611,
TAG,,1707028.0,0.02719872,
XOT,,1705689.0,28.56,
DBL,,1704822.0,0.079308,
SPH,,1701136.0,0.01358111,
RVC,,1696009.0,0.00216886,
BABI,,1694146.0,0.01805144,
CLU,,1691366.0,5.683e-09,
SIS,,1681326.0,0.097287,
MEME,,1679818.0,61.63,
EDOGE,,1674986.0,3.023e-09,
HERA,,1674288.0,0.578354,
SLAM,,1668323.0,0.305316,
SALE,,1666181.0,0.202317,
TRIVIA,,1663604.0,0.01666013,
BTC2X-FLI,,1662920.0,4.95,
SKILL,,1661643.0,1.67,
FIAT,,1658217.0,0.991518,
NFTB,,1654819.0,0.01404846,
RFUEL,,1652141.0,0.00736328,
GFI,,1646939.0,0.00160996,
BST,,1646442.0,0.125982,
YFIII,,1641100.0,100.83,
LAYER,,1637265.0,0.063539,
DOE,,1636142.0,0.0108325,
GTH,,1634787.0,0.00745739,
ROBOT,,1633057.0,7.68,
BLOCK,,1629813.0,0.177498,
ZYX,,1629151.0,0.01500568,
RUFF,,1627859.0,0.00172911,
UPI,,1626251.0,0.00651931,
SENATE,,1621178.0,0.04485429,
TCT,,1620999.0,0.00280724,
DARK,,1620320.0,0.065623,
ONI,,1619688.0,0.076271,
ZLK,,1619254.0,0.04162868,
NETT,,1617578.0,0.251854,
MUNT,,1617186.0,0.00286288,
ABLOCK,,1610974.0,0.175856,
ONION,,1610198.0,0.070839,
INT,,1606549.0,0.00288069,
SCCP,,1604881.0,0.670909,
RDNT,,1604544.0,0.057975,
INTR,,1602125.0,0.02892371,
EPK,,1596827.0,0.01026989,
TNT,,1590781.0,0.0037126,
CNFI,,1584189.0,0.063379,
GSTS,,1574847.0,0.02565379,
TERN,,1571486.0,0.00362174,
LIME,,1566658.0,0.00632374,
FHM,,1566011.0,0.586423,
BELT,,1561120.0,0.359871,
CWS,,1554161.0,0.427301,
SOY,,1553866.0,0.01931209,
IQN,,1552495.0,0.28639,
XTP,,1548472.0,0.00040898,
CONV,,1546220.0,0.00077044,
PUT,,1541309.0,0.00088434,
METAMUSK,,1539334.0,3.072e-09,
KOIN,,1538782.0,0.01583669,
WEAVE,,1537139.0,0.110472,
HGOLD,,1528851.0,0.130598,
ARMOR,,1525874.0,0.00641585,
STARS,,1524598.0,0.00519653,
BHC,,1519089.0,30.33,
ACT,,1518624.0,0.01005903,
MOVE,,1518454.0,0.178325,
EMT,,1516506.0,0.01015561,
EKTA,,1515026.0,0.095984,
THC,,1508129.0,0.00562266,
YEC,,1507745.0,0.115341,
VNT,,1507532.0,0.04212647,
IDV,,1506871.0,0.00190881,
MGH,,1505992.0,0.00475663,
CHG,,1504175.0,0.308069,
SWOP,,1502323.0,0.571574,
RAIDER,,1500079.0,0.087488,
AAG,,1500021.0,0.00475953,
COVER,,1497822.0,18.89,
ARI10,,1497194.0,0.00535693,
CHE,,1494779.0,0.01878226,
XCT,,1494437.0,0.01803469,
JFI,,1489942.0,0.780995,
NUDES,,1488077.0,9.47258e-10,
XEN,,1486184.0,7.14e-06,
PIN,,1485218.0,0.00947686,
BSTN,,1485032.0,0.00153979,
DG,,1482800.0,43.13,
TRI,,1482450.0,0.01356128,
BTSG,,1479085.0,0.01824361,
BRDG,,1478993.0,0.02159053,
KINE,,1471414.0,0.072692,
SNP,,1470884.0,0.01579473,
XEQ,,1470079.0,0.02409757,
RES,,1468352.0,0.01491193,
CMFI,,1468204.0,0.01798614,
EQZ,,1466707.0,0.03921582,
SFIL,,1463342.0,0.731671,
PLY,,1462045.0,0.00100325,
1-UP,,1460323.0,0.02420172,
XAUR,,1458904.0,0.02049292,
SHI,,1457096.0,0.00762588,
RCH,,1456712.0,0.0034812,
NEXT,,1455748.0,0.00523225,
NAS,,1453361.0,0.03185149,
UFO,,1453353.0,0.00036803,
MNG,,1447607.0,0.00527407,
SPARTA,,1447409.0,0.01373451,
DUCK,,1447041.0,0.0047427,
TXL,,1446567.0,0.01135026,
MINX,,1446149.0,0.04005953,
DCAU,,1439555.0,9.43,
UFEWO,,1437943.0,0.01437943,
GAIA,,1434475.0,0.00514001,
GAMMA,,1425618.0,0.04276105,
VENT,,1423768.0,0.00694067,
LUFC,,1417467.0,1.44,
VEX,,1417083.0,0.0014078,
YVAULT-LP-YCURVE,,1413982.0,1.32,
ROCK,,1412351.0,0.01368925,
SLRS,,1410349.0,0.01334754,
OBTC,,1402333.0,20361.0,
VRN,,1397785.0,28.67,
1FLR,,1396126.0,0.00034575,
OPCT,,1390475.0,0.01135355,
VAI,,1388161.0,0.00804461,
SCROOGE,,1385811.0,3.755e-09,
LZ,,1385165.0,0.22032,
CALO,,1383882.0,0.0265435,
IOI,,1381508.0,0.123448,
42,,1377353.0,32794.0,
IGG,,1374247.0,0.00011444,
EGT,,1372416.0,0.00035097,
RADAR,,1366528.0,0.02779884,
WOMBAT,,1359194.0,0.00257442,
FLY,,1358518.0,0.00260832,
AT,,1352262.0,0.02960813,
XCASH,,1351806.0,2.147e-05,
STANDARD,,1350765.0,0.275291,
ICH,,1349777.0,0.02498661,
KINGSHIB,,1349239.0,0.00316455,
LFI,,1344056.0,0.02808552,
TAD,,1339976.0,2.22,
CMERGE,,1338036.0,0.00031038,
XRUNE,,1335635.0,0.01166353,
CMERGE,,1335020.0,0.00026638,
MIT,,1334881.0,0.268526,
HNST,,1330786.0,0.00883367,
PLR,,1329083.0,0.00511883,
DINGO,,1326167.0,1.495e-05,
QUIDD,,1326009.0,0.04939247,
0NE,,1322255.0,6.715e-09,
CLAM,,1322187.0,2.19,
KTN,,1321921.0,0.531499,
LIKE,,1319778.0,0.00863972,
ZUSD,,1316351.0,0.994693,
ODDZ,,1316082.0,0.01998605,
SRN,,1315495.0,0.00266143,
MTC,,1313778.0,0.00169831,
TRACE,,1310732.0,0.02065032,
PBTC,,1306332.0,20965.0,
BNPL,,1306116.0,0.00314679,
DUSD,,1303938.0,1.05,
SMART,,1302367.0,0.000448,
WELL,,1301961.0,0.00614437,
NABOX,,1293472.0,6.74e-06,
JULIEN,,1292347.0,0.133437,
MOVEZ,,1292001.0,0.00330731,
RAVEN,,1289575.0,0.00029066,
DEPAY,,1288175.0,0.194033,
CPC,,1287083.0,0.00315283,
FND,,1286722.0,0.01431517,
MFI,,1285936.0,7907.23,
MTRM,,1285555.0,0.086989,
MRX,,1268258.0,7.075e-05,
OPEN,,1267254.0,0.02373915,
DUCK,,1262070.0,0.02761302,
RXD,,1261653.0,0.0004628,
LNR,,1260592.0,1.569e-09,
PORT,,1260302.0,0.04207049,
MUST,,1258765.0,12.03,
CMT,,1254790.0,0.00156248,
MINIDOGE,,1253595.0,1.498e-09,
SYNC,,1252996.0,0.01068588,
ACS,,1252936.0,0.829019,
ETHIX,,1250624.0,0.211904,
RAZOR,,1247113.0,0.0065282,
UNB,,1244838.0,0.00127561,
ARTR,,1244072.0,0.01013494,
EFL,,1243632.0,0.059092,
BIS,,1243488.0,0.04420651,
SNY,,1242697.0,0.106544,
NORD,,1241218.0,0.208211,
3ULL,,1240964.0,0.0005464,
TXA,,1235063.0,0.534096,
WTF,,1233009.0,0.03757891,
MSTR,,1231872.0,0.207576,
DUEL,,1225925.0,0.054906,
BUIDL,,1225681.0,0.369814,
VBK,,1223161.0,0.00102246,
SN,,1217170.0,0.25929,
SI,,1215818.0,0.055456,
CV,,1215405.0,0.00016232,
XTK,,1210726.0,0.00357663,
STAK,,1208411.0,0.0006826,
SAVG,,1206413.0,0.00344986,
NFTI,,1205536.0,540.56,
BLT,,1204775.0,0.04814983,
SPEC,,1202685.0,0.096711,
APEFI,,1200860.0,0.00561343,
TRADE,,1194871.0,0.03336885,
BED,,1189533.0,54.06,
YOU,,1188919.0,0.00161639,
MILK,,1186022.0,0.981343,
DOGECOLA,,1185015.0,1.585e-09,
WLITI,,1177576.0,0.00337965,
OKLG,,1177357.0,3.82e-06,
PICKLE,,1171944.0,1.41,
HOTCROSS,,1171582.0,0.01048407,
RENDOGE,,1170654.0,0.116687,
YBO,,1168289.0,0.842788,
SKMT,,1166032.0,4.255e-05,
LEON,,1165770.0,0.00408605,
IBFK,,1160000.0,1.52,
KINT,,1159144.0,1.064,
ACE,,1155680.0,0.00967758,
ASTROC,,1155504.0,0.00687931,
BMI,,1153302.0,0.01784776,
STRNGR,,1147268.0,2.07,
STND,,1136996.0,0.04052372,
OXS,,1136608.0,0.0533,
$FUR,,1135851.0,5.5,
WSG,,1130315.0,2.656e-09,
SWINGBY,,1126835.0,0.0025235,
WANA,,1125130.0,0.01420772,
LIFE,,1124534.0,0.00040913,
GAT,,1123913.0,1.26,
BID,,1118488.0,0.224956,
UFARM,,1118317.0,0.00332636,
BUMP,,1116843.0,0.03146656,
FNT,,1115873.0,8.418e-05,
RET,,1110660.0,5.8047e-11,
LPOOL,,1104516.0,0.112143,
KOL,,1104022.0,0.00272899,
SMTY,,1103950.0,0.01254732,
HY,,1103764.0,0.488266,
FLOAT,,1103336.0,1.043,
RHYTHM,,1100409.0,8.508e-05,
OBOT,,1097336.0,0.00664152,
EFX,,1097148.0,0.00529932,
NEU,,1096302.0,0.0381375,
EAI,,1090631.0,0.052076,
THX,,1088830.0,0.04138528,
COIN,,1088330.0,0.03146337,
DRK,,1086039.0,0.00125826,
ARCONA,,1077151.0,0.070578,
BEACH,,1072425.0,0.00014747,
FNDZ,,1071806.0,0.03656618,
GOMT,,1070259.0,0.539752,
VALUE,,1069311.0,0.21218,
FARA,,1068291.0,0.0459295,
DAX,,1066916.0,0.00300206,
IXC,,1064929.0,0.050002,
PIKA,,1064376.0,1.1102e-08,
XET,,1064294.0,0.0011092,
DAPPT,,1061004.0,0.00072866,
CAVE,,1059384.0,0.228153,
XIL,,1056388.0,0.00777107,
SHAK,,1055657.0,0.00016162,
KALI,,1055169.0,0.00809688,
PBTC35A,,1053460.0,4.79,
GEO,,1049052.0,0.008148,
DNT,,1047311.0,0.20484,
PCL,,1046539.0,0.00473371,
GHNY,,1046477.0,47.29,
KATA,,1043457.0,0.00022425,
XPNET,,1042517.0,0.00221118,
PIST,,1038832.0,0.03502364,
JULD,,1038584.0,0.00175924,
AOA,,1038538.0,0.0002388,
VERA,,1037934.0,0.01091096,
AGVE,,1036659.0,37.16,
ACRE,,1036043.0,0.00544933,
WHITE,,1034234.0,116.3,
DFY,,1034007.0,0.00221957,
BOTTO,,1033662.0,0.04396558,
CERES,,1033509.0,43.22,
3AIR,,1030242.0,0.057915,
IRT,,1025285.0,0.01113138,
HYVE,,1021423.0,0.0297202,
PET,,1016465.0,0.051602,
PETS,,1016446.0,1.15539e-07,
IDNA,,1013643.0,0.01671255,
TDX,,1004687.0,0.100297,
DMTR,,1000401.0,0.00726408,
AIT,,995950.0,0.00158735,
PNY,,995413.0,0.00270594,
MIST,,994601.0,0.01754109,
AUR,,992615.0,0.050093,
SLICE,,992555.0,0.056804,
DON,,992229.0,0.01494372,
NIOB,,991420.0,0.00205317,
NITRO,,990898.0,0.02320445,
HST,,990325.0,0.0204008,
OMNI,,989024.0,1.6,
DEX,,986652.0,0.01128918,
BLK,,986249.0,0.01598584,
DAVIS,,983524.0,2.15,
BUND,,981510.0,11.57,
UAXIE,,977090.0,0.097709,
QRK,,976545.0,0.00342081,
TFL,,975796.0,0.146012,
DGX,,975753.0,37.83,
UNIQ,,974893.0,0.102099,
XFI,,972078.0,40.8,
FTS,,965712.0,1.05e-06,
OCE,,965362.0,0.00031078,
MASS,,960437.0,0.00979086,
B20,,959694.0,0.192442,
ETHO,,958723.0,0.01659435,
MSHARE,,958597.0,18.11,
IF,,957723.0,0.100818,
ATD,,949583.0,0.105894,
COPE,,948705.0,0.04885305,
MDA,,948107.0,0.04807736,
ARTH,,946469.0,2.14,
XPRO,,945144.0,7.7314e-11,
KONO,,944530.0,0.02569904,
VISION,,944171.0,0.726901,
POODL,,942700.0,1.176e-08,
PKR,,941567.0,0.00625064,
ROOBEE,,937264.0,0.00078016,
ZAP,,936787.0,0.00377686,
SPORE,,936002.0,2.7781e-11,
MAN,,934775.0,0.00620381,
CNV,,932709.0,6.93,
OIL,,929905.0,0.03949341,
PXC,,928636.0,0.01063112,
BCT,,926624.0,0.01593478,
WAGMI,,923159.0,0.70294,
DIGG,,920838.0,3648.07,
ZWAP,,915196.0,1.81,
HBOT,,914866.0,0.01537916,
MEGA,,914582.0,3.96,
HMQ,,914250.0,0.00484609,
SHIH,,914008.0,9.11863e-10,
EYE,,912181.0,0.163408,
SWD,,911917.0,2.27,
CATPAY,,911662.0,4.1251e-11,
PGX,,911197.0,0.00643695,
OLO,,910429.0,0.00033115,
SONNE,,909474.0,0.081576,
IBS,,907859.0,0.00084238,
AMLT,,906891.0,0.00269776,
MASQ,,906538.0,0.060023,
RENZEC,,905633.0,53.58,
YEL,,898855.0,0.00338891,
HDAO,,894882.0,0.01320961,
RFT,,892457.0,0.04461635,
WOOFY,,889045.0,0.00639785,
MIBR,,886305.0,0.886275,
KICK,,884704.0,0.00723048,
CORN,,881847.0,0.04681176,
PULI,,881484.0,0.01025779,
XGT,,880066.0,0.00636399,
GNX,,876778.0,0.00287661,
UNISTAKE,,876047.0,0.00549144,
COMBO,,872924.0,0.02425007,
MAD,,872057.0,0.09127,
DOUGH,,871793.0,0.04977074,
MODA,,871454.0,0.324692,
PAWTH,,867418.0,0.00103401,
UCH,,866096.0,0.89171,
EFC,,864420.0,0.973448,
PERI,,862619.0,0.081479,
RELAY,,861906.0,0.20192,
TIA,,861711.0,0.00713334,
CS,,861405.0,0.00388131,
LYR,,860847.0,8.608e-05,
STPL,,860600.0,0.00192482,
PILOT,,860536.0,0.720671,
OCN,,859302.0,8.57e-05,
RPG,,856253.0,0.02326014,
GALO,,856220.0,0.444681,
CCX,,855378.0,0.054984,
LINKA,,854225.0,0.00071185,
HUM,,851941.0,0.0353005,
OLY,,847071.0,0.00063986,
TETHYS,,843588.0,0.092914,
FIEF,,842317.0,0.01792163,
CLH,,842027.0,0.00282547,
SHOO,,841962.0,2.023e-09,
NFT,,841806.0,0.02087615,
SATA,,840364.0,0.042531,
TCP,,838716.0,0.00734043,
ZOON,,838244.0,0.00102122,
GVT,,837595.0,0.18835,
LBA,,837440.0,0.00123819,
CRP,,837075.0,0.01176084,
DEGEN,,836979.0,0.918078,
RUN,,836223.0,0.00565751,
HND,,833037.0,0.03505216,
FILDA,,831936.0,0.00428699,
PRX,,830908.0,0.455403,
ROSN,,829070.0,0.01706333,
MINDS,,828217.0,0.129093,
NEXT,,827721.0,0.051378,
ANN,,824814.0,0.00365614,
IONX,,819277.0,0.02186556,
UDO,,816167.0,0.01055699,
PLAY,,815681.0,0.0054478,
FLAME,,814314.0,0.03049368,
NDS,,811678.0,14.76,
ROX,,809783.0,0.00307161,
MER,,807383.0,0.01463026,
EVE,,803136.0,0.02003775,
CRWNY,,802276.0,0.00173459,
FDT,,800052.0,0.00659456,
FAIR,,799638.0,0.00113539,
NFTI,,798886.0,5.27,
AM,,796972.0,0.485587,
XDN,,795133.0,9.783e-05,
CND,,793441.0,0.0004104,
AERA,,793331.0,12.08,
CAT,,793193.0,0.121124,
SYC,,788830.0,0.01141592,
LAUNCH,,785564.0,0.177344,
LFG,,784562.0,0.00200086,
TOP,,782747.0,0.0001909,
EGG,,782528.0,8.65,
VIS,,782322.0,0.00012141,
TREAT,,781667.0,0.00626969,
MNST,,781410.0,0.00646788,
BOP,,781232.0,0.00802286,
BRD,,781169.0,0.00908916,
SPFC,,780768.0,0.449986,
UFR,,776693.0,0.03236221,
GOAL,,773715.0,0.229686,
XMS,,773182.0,0.00130492,
FIN,,772605.0,0.00602528,
EMC,,770469.0,0.0159683,
PHTR,,769818.0,0.02467993,
EUNO,,769745.0,0.000115,
GLC,,764905.0,0.0172321,
EVERETH,,764139.0,2.016e-09,
BACON,,764135.0,0.0123742,
NIOX,,762274.0,0.00448309,
MBTC,,761794.0,19883.01,
TRCL,,761540.0,0.00212315,
METAV,,761269.0,0.00345423,
EXPO,,760560.0,9.31234e-07,
DOV,,760557.0,0.00247102,
AVL,,760517.0,0.820097,
HUSL,,759832.0,0.04784798,
SMLY,,758762.0,2.147e-05,
SAUBER,,758672.0,0.463444,
DCAR,,758497.0,0.129813,
MOON,,757966.0,3.31e-06,
SARCO,,755255.0,0.156032,
FUTURE,,750543.0,0.02417629,
DRCT,,749435.0,0.00206404,
MAKI,,738232.0,0.00257919,
DMG,,737189.0,0.01482448,
SILVA,,736343.0,5.70443e-10,
SIN,,736214.0,0.00079778,
CANDY,,735068.0,0.00286476,
HER,,734564.0,0.01547021,
DUCKER,,731425.0,0.00729449,
LQT,,730007.0,0.01807108,
ARC,,728802.0,0.02442723,
INXT,,728738.0,0.649553,
FREE,,727693.0,9.336e-05,
SWFL,,725478.0,0.02586878,
XBC,,724060.0,3.76,
USF,,722686.0,0.02998888,
SWPR,,717986.0,0.04030276,
KAMPAY,,717875.0,0.00218408,
GOF,,716088.0,0.063039,
UTU,,716023.0,0.00429809,
STV,,715715.0,2.83,
PLASTIK,,714414.0,0.00555705,
ENTR,,713162.0,0.02326412,
COOK,,712196.0,0.0004012,
DARK,,712074.0,0.01300101,
MARK,,711137.0,1.66,
DLTA,,710742.0,0.01147273,
TOON,,710223.0,0.03014616,
MTS,,709965.0,0.01046373,
STN,,708680.0,0.02525982,
KLO,,707939.0,0.01132639,
DGS,,706337.0,0.01762026,
SHND,,705113.0,3.832e-05,
ONX,,704656.0,0.070908,
CUSD,,703069.0,0.998794,
HOT,,701887.0,0.0016908,
GRLC,,701844.0,0.01042213,
AME,,700829.0,0.00139903,
DOGEWHALE,,700486.0,1.49e-06,
DUST,,699617.0,0.00894072,
WSB,,699426.0,0.00069983,
NFTL,,699031.0,0.00124501,
TMFT,,695952.0,0.0174409,
FYD,,695687.0,0.00116542,
WSN,,695190.0,1.525e-09,
CRBN,,694659.0,0.02118897,
EOSC,,694340.0,0.00248267,
NFTL,,693426.0,0.0051352,
DDD,,692563.0,0.00156979,
SOLX,,691071.0,0.00163269,
YETI,,688225.0,0.00962431,
AIR,,687162.0,7.5744e-08,
RUN,,686875.0,0.00960053,
UNIFI,,684914.0,0.347782,
THO,,684518.0,0.060674,
REVA,,681437.0,0.08219,
CTI,,680897.0,0.00814857,
SWAPZ,,678381.0,0.00360726,
HTML,,677952.0,1.271e-05,
DEV,,677360.0,0.284488,
BENT,,675778.0,0.096857,
UBXS,,673326.0,0.03896572,
GLEEC,,669304.0,0.050965,
FRKT,,668814.0,0.08764,
EDN,,667754.0,0.00111302,
EXRN,,667374.0,7.2e-06,
BLKC,,666513.0,0.078108,
COFI,,665660.0,0.04948524,
RYO,,664757.0,0.01595031,
SHEESHA,,664081.0,16.32,
ZTG,,663980.0,0.071343,
777,,663337.0,0.0023263,
KIT,,659432.0,0.219424,
METADOGE,,658596.0,6.57096e-10,
GYSR,,658155.0,0.078657,
LANA,,657302.0,0.00020563,
XGRO,,656812.0,5.02,
TRANQ,,656487.0,0.00461881,
SOLAPE,,655985.0,0.00219104,
YLA,,655745.0,1.16,
PPAY,,653119.0,0.00427885,
TBC,,650678.0,0.00414873,
SOMEE,,650144.0,0.0059412,
IB,,649527.0,3.41,
ZEFU,,648534.0,0.01037621,
LAVAX,,648511.0,0.0323586,
DINU,,647715.0,1.596e-09,
NSURE,,646300.0,0.0272284,
ENG,,645797.0,0.00780597,
VHC,,645642.0,0.00660332,
POC,,645295.0,0.055994,
SUNNY,,644462.0,0.000115,
SEEN,,643454.0,0.747588,
FORM,,640546.0,0.00388623,
EDDA,,639085.0,127.39,
PUSSY,,639054.0,2.92e-06,
RATING,,637280.0,0.00014446,
LACE,,637267.0,0.00543532,
TEER,,637220.0,0.487673,
SUMO,,636169.0,0.01285618,
POLIS,,633971.0,0.04107729,
TANKS,,632808.0,0.00090401,
ITGR,,632107.0,0.0216289,
LUNES,,631758.0,0.00418436,
URQA,,630821.0,0.01544938,
MOCA,,629917.0,0.239908,
EPAN,,625669.0,0.01383843,
BIRD,,624873.0,8.52,
GM,,623957.0,0.02140873,
FNC,,623284.0,0.01521053,
GSE,,622323.0,3.107e-05,
HIT,,622078.0,1.011e-05,
SOLAR,,622067.0,0.062049,
SKM,,621685.0,0.00058798,
SG,,618831.0,0.063479,
BDP,,617489.0,0.02550852,
TWD,,616635.0,0.00201783,
WAG,,616545.0,0.01312565,
